Day,Date,Weekday,Slot,Where it goes,Pillar,Series,Hook (first line),What it teaches,Call to action,Status
1,2026-09-28,Mon,Morning,Instagram carousel,Education,Lagos Logic 01,Your ads are not the problem. Your danfo door is jammed.,"Coaches blame the ads, but the money is lost after the click: in the message, trust, friction, follow up and measurement.","Comment your leak number, 1 to 5. Send to the friend who keeps boosting.",In Buffer
1,2026-09-28,Mon,Evening,Instagram carousel,Education,Receipts 01,Buyers have a name for your sales page: word salad.,Buyers can't name one concrete thing a vague program page promises. One concrete promise per section fixes it.,Paste your headline below. I'll tell you if it's word salad.,In Buffer
2,2026-09-29,Tue,Morning,Instagram carousel,Education,Lagos Logic 02,Nobody enters a one chance bus. So why does your funnel look like one?,"Before anyone pays for a program, they run a silent check: a face, real student results, a clear promise, a visible price, a real person, honest urgency, a way out.","Comment your score out of 7. Below 5, comment LEAK.",In Buffer
2,2026-09-29,Tue,Evening,Instagram carousel,Education,Numbers: Webinars,The average webinar signup page converts about 22 percent. The best convert 50 to 60.,"Webinar signup pages average around 22 percent; top performers reach 50 to 60 percent (LanderLab 2026, citing GetResponse). The page decides how full the class is.",Comment LEAK for the free Leak Check.,In Buffer
3,2026-09-30,Wed,Morning,"Instagram carousel, TikTok video",Education,Follow Up Playbook,“I'll join the next cohort” is not a no. It's a buyer waiting for a reason.,"People who go quiet are often waiting for salary, a spouse's yes, courage or a reminder. A polite schedule (day 0, 1, 3, 7) brings them back.",Save this. Send it to a coach who sells in the DMs.,In Buffer
3,2026-09-30,Wed,Evening,"Instagram carousel, TikTok video",Education,Lagos Logic 03,Why do pastors announce the same thing three times?,Announcing your program once is announcing it once. Most followers never saw the launch post.,Send this to the coach who posts once and gives up.,In Buffer
4,2026-10-01,Thu,Morning,"Instagram carousel, TikTok video",Education,DM Bingo,Coach DM Bingo. How many did you get this week?,"Every question in the DM (how much, is it recorded, is it for beginners, can I pay in 2) is a question the sales page didn't answer.",Comment your score out of 9. Tag a coach with a full house.,In Buffer
4,2026-10-01,Thu,Evening,"Instagram carousel, TikTok video",Education,Coach Dictionary,What your sales page says vs what the buyer hears.,"Coaching clichés (transform your life, proven system, limited slots, no refunds) read as noise or as a warning sign.",Comment the number you've used.,In Buffer
5,2026-10-02,Fri,Morning,"Instagram carousel, TikTok video",Education,5 Leaks: Measurement,You ran 5 ads last month. Which one filled your class?,"Ask every student where they heard about you, give every ad its own WhatsApp keyword, count every Sunday. Double the winner, stop the loser.",Comment LEAK. The sheet is inside the Leak Check.,In Buffer
5,2026-10-02,Fri,Evening,"Instagram carousel, TikTok video",Education,News: Measurement,Google is building a new report for Nigerian advertisers. You can have the free version today.,"Google announced (Pulse Nigeria, 25 Sep 2026) a report joining the customer's question, the ad and the landing page. Three questions to every new student do it for free.",Comment LEAK for the tracking sheet.,In Buffer
6,2026-10-03,Sat,Morning,"Instagram carousel, TikTok video",Education,The Leak Check,Find the leak that's eating your enrolments.,Coaches can find their biggest leak themselves with the right yes or no questions. The full check has 15.,Comment LEAK for all 15.,In Buffer
6,2026-10-03,Sat,Evening,"Instagram carousel, TikTok video",Education,Receipts 02,“Aftermath of 2 Failed Course Launches”,"A course creator's own post mortem: the one thing he did right was customer discovery calls. Talk, then build, then launch.",Comment LEAK for the free Leak Check.,In Buffer
7,2026-10-04,Sun,Morning,"Instagram carousel, TikTok video",Education,Lagos Logic 04,Running ads to a leaking page is fetching water with a basket.,"More traffic into a leaking page loses money faster. The median landing page converts 2.35 percent and the top quarter convert 5.31 percent or more (WordStream data): same traffic, more than double the sales.",Send this to a coach about to raise the ad budget.,In Buffer
7,2026-10-04,Sun,Evening,"Instagram carousel, TikTok video",Education,Receipts 03,I read the angriest reviews of a big marketing company. The 5 star ones all said the same thing.,"Even at a company buried in one star reviews, happy customers praise a named person who “explained everything in slow detail”. Trust comes from clarity and a human face.",Send this to a coach hiding behind a logo.,In Buffer
8,2026-10-05,Mon,Morning,"Instagram Reel 07:30, TikTok 12:30",Education,Proof Stack,No testimonials yet? Here are 9 ways to prove you're real.,"New coaches get stuck: no students, so no testimonials; no testimonials, so no students. Proof can come from a face, a sample lesson, pilot students, the plan in writing and a clear refund line.",Comment the number of the proof you'll post first.,In Buffer
8,2026-10-05,Mon,Evening,"Instagram carousel 19:30, TikTok 20:30",Education,Receipts 04,“I wasted thousands trying to buy attention.”,Nigerian business owners on Nairaland describe boosting that sold nothing. Boosting isn't evil; boosting a leaking post is.,Comment YES if you've boosted a post that sold nothing.,In Buffer
9,2026-10-06,Tue,Morning,"Instagram Reel 07:30, TikTok 12:30",Education,Hire Smart 01,"Before you pay any marketer (including me), ask these 7 questions.","Burned owners wrote the checklist themselves: get every promise in writing, ask what part of your money reaches Google or Meta, define a lead, never pay it all upfront, ask for real examples, ask who does the work, tie it to an outcome.",Save this. Send it to a coach who's about to hire an ads person.,In Buffer
9,2026-10-06,Tue,Evening,"Instagram carousel 19:30, TikTok 20:30",Education,Agberos with Laptops,Some marketing agencies are agberos with a laptop.,"Like an agbero collecting a levy while the bus doesn't move faster, some providers collect monthly and report activity, not results.",Comment if you've met one. Keep it clean.,In Buffer
10,2026-10-07,Wed,Morning,"Instagram Reel 07:30, TikTok 12:30",Education,The Free Class Cast,The 7 people in every free masterclass,"Every free class has the same cast: the replay collector, the camera off ghost, the minute 3 price asker, the hijacker, the slides collector, the next month person and the ready one. Each needs a planned reply.",Comment the number that shows up most in your class.,In Buffer
10,2026-10-07,Wed,Evening,"Instagram carousel 19:30, TikTok 20:30",Education,Free Class Playbook,"For every 100 people who register, expect 44 to 50 to show up live.","Contrast's benchmarks (1M+ registrants): 44 to 50 percent attend live; about 6 in 10 watch at all. Registering is free, so forgetting is free. Reminders decide attendance.",Comment LEAK for the free Leak Check.,In Buffer
11,2026-10-08,Thu,Morning,"Instagram Reel 07:30, TikTok 12:30",Education,Steal Their Words,The best line for your next sales page is already in your DMs.,"Buyers trust their own words. The phrase “word salad” came from buyers on Reddit, not from me. Mine DMs, class chats and reviews for exact words.",Comment the best line you found in your DMs.,In Buffer
11,2026-10-08,Thu,Evening,"Instagram carousel 19:30, TikTok 20:30",Education,Lagos Logic 05,Ads are your generator. Your list is your solar.,"If enrolments stop when ads stop, you're on generator. A WhatsApp community, an email list and a waitlist are solar.",Send this to a coach still on generator.,In Buffer
12,2026-10-09,Fri,Morning,"Instagram Reel 07:30, TikTok 12:30",Education,Program Post Formula,Stop writing “DM for details”. 5 examples for 5 kinds of coach.,Who it's for + what they get + price + proof + a keyword to DM. Serious buyers get their answer; the DM becomes about the start date.,Comment REWRITE with your offer and price. I'll reply with a better first line.,In Buffer
12,2026-10-09,Fri,Evening,"Instagram carousel 19:30, TikTok 20:30",Education,Receipts 05,91.58 percent of buyers on Selar never buy from the same creator again.,"Selar's own data: median product price $3.82, and most buyers buy once. The top 1 percent earn most from products priced $100 to $499. The money is in the second sale and the higher price.",Save this. Send it to a creator friend.,In Buffer
13,2026-10-10,Sat,Morning,"Instagram Reel 07:30, TikTok 12:30",Education,DM Scripts,7 replies that turn “How much is the program?” into a payment,"Every reply should end with a question or a next step: price with value, pay in 2, find the real worry, proof for beginners, ask for the payment, welcome, ask for a voice note.",Screenshot these. Use them tonight in your own voice.,In Buffer
13,2026-10-10,Sat,Evening,"Instagram carousel 19:30, TikTok 20:30",Education,Receipts 06,Do sales funnels really work?,"Reddit keeps asking if funnels work. A funnel is just the path from stranger to student; everyone has one, the question is where it leaks.",Comment LEAK for the free Leak Check.,In Buffer
14,2026-10-11,Sun,Morning,"Instagram Reel 07:30, TikTok 12:30",Education,Money Math,Your early bird discount might cost you half your profit.,"With ₦50,000 cost per student on a ₦100,000 program, 25 percent off halves profit. Give more instead: bonus call, pay in 2, early access.",Save this before your next launch.,In Buffer
14,2026-10-11,Sun,Evening,"Instagram carousel 19:30, TikTok 20:30",Education,Receipts 07,“Coaches coaching coaches to coach coaches to ...”,"Buyers arrive suspicious of anyone who sounds like a guru. Sound like a teacher: real numbers, who it's not for, students' results, a refund line, free teaching first.",Comment LEAK for the free Leak Check.,In Buffer
15,2026-10-12,Mon,Morning,"Instagram Reel 07:30, TikTok 12:30",Motivation,Tough Pill 01,Nobody is coming to save your coaching business.,"Not Meta. Not a guru. Not one viral post. What you control: your offer, your page, your follow up. Start with the part you control.",Comment LEAK and I'll send the free Leak Check.,"New, needs your approval"
15,2026-10-12,Mon,Evening,"Instagram carousel 19:30, TikTok 20:30, LinkedIn 08:00",Sales,Leak Autopsy 01,4 leaks on this coach's page in 5 minutes.,"A composite coach profile: a bio that says nothing, no offer anywhere, quotes instead of student results, 7 doors in the bio.","Comment AUTOPSY for a free autopsy of your page, with your permission.",Approved (reused)
16,2026-10-13,Tue,Morning,"Instagram Reel 07:30, TikTok 12:30, LinkedIn 08:00",Sales,Price Talk,How to answer “Can you reduce the price?”,"A vague price invites bargaining. Make it feel final (a written rule, a bigger option first, 3 choices) and fair (what's included, trade not cut, walk away kindly).",Comment your reply to “Can you reduce the price?”. I'll sharpen the first 10.,Approved (reused)
16,2026-10-13,Tue,Evening,"Instagram carousel 19:30, TikTok 20:30",News,What Just Happened 01,This just changed for every coach selling online. Let me explain.,"One verified story from the week (platform, ads, payments, AI or the naira) and what it means for a coach this week. Picked 2 days before.","Follow for the news that affects your business, in 60 seconds.","News, picked 2 days before"
17,2026-10-14,Wed,Morning,"Instagram Reel 07:30, TikTok 12:30, LinkedIn 08:00",Sales,Receipts 08,“How do I make my first sale on my online course?”,"Creators ask this everywhere. Before blaming the economy, check 5 things: offer with price, proof, fast replies, follow up, the list.",Comment LEAK for the full 15 question Leak Check.,Approved (reused)
17,2026-10-14,Wed,Evening,"Instagram carousel 19:30, TikTok 20:30",Relationship,Love and Business 01,"If your partner has to book an appointment to see you, your business isn't working. You are.","3 rules: phone face down at dinner, one protected evening a week, share your launch dates before the launch.",Send this to your partner. Or to the friend who needs it.,"New, needs your approval"
18,2026-10-15,Thu,Morning,"Instagram Reel 07:30, TikTok 12:30",Motivation,Tough Pill 02,Broke coaches post for likes. Paid coaches post for DMs.,"Name the enemy: The Free Value Trap. Two years of free tips, no next step. Every post needs one clear next step.",Comment TRAP if you've been stuck in it. Comment LEAK for the way out.,"New, needs your approval"
18,2026-10-15,Thu,Evening,"Instagram carousel 19:30, TikTok 20:30, LinkedIn 08:00",Sales,Message Match,Your ad isn't bad. The place it sends people is.,"Message match: the page must keep the ad's promise. Free vs paid, beginners vs experts, the coach's face vs stock photos, the advertised price vs another program.",Run the match test on your last ad. Comment LEAK for the full check.,Approved (reused)
19,2026-10-16,Fri,Morning,"Instagram Reel 07:30, TikTok 12:30, LinkedIn 08:00",Sales,Bio Audit,Your bio is a billboard on Third Mainland Bridge.,"A bio has 3 seconds to say who you help and the result, why trust you, what's next, and how to join. One link, not seven.",Comment BIO. I'll rewrite the first 10.,Approved (reused)
19,2026-10-16,Fri,Evening,"Instagram carousel 19:30, TikTok 20:30",Lifestyle,Behind the Work 01,Why I build the page myself.,"When the writer and the builder are different people, meaning gets lost in the handoff. One accountable person from research to live page means no gaps and no excuses.",Follow. DM PAGE to see pages I've built.,Approved (reused)
20,2026-10-17,Sat,Morning,"Instagram Reel 07:30, TikTok 12:30",Relationship,Love and Business 02,Your family calls it “that your online thing”. Fix that in one sentence.,The one sentence formula: I help (who) get (result) with (how). It wins the family meeting and your bio.,Write your sentence in the comments. I will tighten the first 10.,"New, needs your approval"
20,2026-10-17,Sat,Evening,"Instagram carousel 19:30, TikTok 20:30, LinkedIn 08:00",Motivation,Tough Pill 03,You're not unlucky. You're unmeasured.,"Sales feel random when nothing is counted. One question on every form, one sheet every Sunday. Luck turns into a pattern.",Comment LEAK for the free tracking sheet.,"New, needs your approval"
21,2026-10-18,Sun,Morning,"Instagram Reel 07:30, TikTok 12:30, LinkedIn 08:00",News,This Week in 60 Seconds,3 things that happened this week that your competitors missed.,Weekly roundup of 3 verified stories that matter to coaches. Picked 2 days before.,Follow for Sunday roundups.,"News, picked 2 days before"
21,2026-10-18,Sun,Evening,"Instagram carousel 19:30, TikTok 20:30",Lifestyle,Lagos Life 01,Lagos traffic taught me more about copywriting than any course.,"Danfo conductors shout the destination, hawkers sell in 3 seconds, the bus door decides who enters. Film a 30 second clip in traffic reading the lesson.",Follow for Lagos Logic.,"You film, I script (designed fallback)"
22,2026-10-19,Mon,Morning,"Instagram Reel 07:30, TikTok 12:30",Motivation,Tough Pill 04,"If you won't sell your program, someone less skilled will sell theirs to your students.",Selling is not begging. It's making sure the right person doesn't pick the wrong coach.,Save this for the day you feel shy to post your offer.,"New, needs your approval"
22,2026-10-19,Mon,Evening,"Instagram carousel 19:30, TikTok 20:30, LinkedIn 08:00",Sales,Black Friday 01,Fix these 7 leaks before Black Friday.,"Black Friday is 27 Nov. Decide the offer, add a bonus instead of a discount, post proof weekly, set quick replies, one payment link, a waitlist, one keyword per post. Dated fixes.",Comment LEAK for the full Leak Check.,Approved (reused)
23,2026-10-20,Tue,Morning,"Instagram Reel 07:30, TikTok 12:30, LinkedIn 08:00",Motivation,Tough Pill 05,The market doesn't pay for effort. It pays for clarity.,"20 October is a heavy day in Nigeria. No selling today. One quiet lesson: people pay when they understand, not when you work harder.",No call to action today.,"New, needs your approval"
23,2026-10-20,Tue,Evening,"Instagram carousel 19:30, TikTok 20:30",Relationship,Love and Business 03,Never fight about money on a bad sales day.,"Rules for money talks when income is up and down: a set day, numbers not feelings, one decision per talk.",Send this to someone building with a partner.,"New, needs your approval"
24,2026-10-21,Wed,Morning,"Instagram Reel 07:30, TikTok 12:30, LinkedIn 08:00",Sales,The Leak Map (launch),What happens when you book a Leak Map.,"Coaches guess where the money leaks, then pay for more ads or a new website. The Leak Map: ₦50,000, 3 working days, every leak with a fix, ranked; 3 leaks or you pay nothing.",DM MAP.,Approved (reused)
24,2026-10-21,Wed,Evening,"Instagram carousel 19:30, TikTok 20:30",Sales,Cost per Customer,Cost per paying student.,"The only number that matters is ad spend ÷ students who paid. Example: ₦300,000 on ads, 5 students, ₦60,000 each on a ₦75,000 program leaves ₦15,000.","Comment your number, or DM it if it's scary.",Approved (reused)
25,2026-10-22,Thu,Morning,"Instagram Reel 07:30, TikTok 12:30",Motivation,Tough Pill 06,Every ignored DM is tuition. You already paid. Collect the lesson.,"Rejection is data: what they asked, where they stopped, what they said instead of yes. Write it down.",Comment the last excuse a buyer gave you. I will reply with what it really meant.,"New, needs your approval"
25,2026-10-22,Thu,Evening,"Instagram carousel 19:30, TikTok 20:30, LinkedIn 08:00",Sales,Objections,“I can't afford a marketer.”,"Honest answers, including who should not hire Hassan yet and what they can do alone.",DM MAP or comment LEAK if it's not time yet.,Approved (reused)
26,2026-10-23,Fri,Morning,"Instagram Reel 07:30, TikTok 12:30, LinkedIn 08:00",Sales,3 Question Offer Test,Who is it for? What do they get? Why now?,"Every post and page must answer who it's for, what they get and why now, on the first screen.",Paste your last caption. I'll score it.,Approved (reused)
26,2026-10-23,Fri,Evening,"Instagram carousel 19:30, TikTok 20:30",Lifestyle,Behind the Work 02,The word I never write in health ads.,"“Cure” breaks NAFDAC's rules for herbal products and kills trust. For coaches, “guaranteed results” is the same word: promise what you control.",Send this to a coach who promises too much.,Approved (reused)
27,2026-10-24,Sat,Morning,"Instagram Reel 07:30, TikTok 12:30",Relationship,Love and Business 04,Your spouse thinks online business is “yahoo”. Don't argue. Do this.,"Show, don't argue: the receipt, the student's voice note, the plan on paper. Trust at home is built the same way as trust online.",Send this to the person who needs to see it.,"New, needs your approval"
27,2026-10-24,Sat,Evening,"Instagram carousel 19:30, TikTok 20:30, LinkedIn 08:00",Motivation,Tough Pill 07,"Your first cohort doesn't need 1,000 followers. It needs 10 real conversations.",Followers are an audience. Conversations are a pipeline. Ten people who asked a question beat a thousand who scrolled.,Comment 10 and start your list today.,"New, needs your approval"
28,2026-10-25,Sun,Morning,"Instagram Reel 07:30, TikTok 12:30",News,This Week in 60 Seconds,3 things that happened this week that your competitors missed.,,Follow for Sunday roundups.,"News, picked 2 days before"
28,2026-10-25,Sun,Evening,"Instagram carousel 19:30, TikTok 20:30, LinkedIn 08:00",Sales,Black Friday Leak Maps,Black Friday Leak Maps: 5 slots.,A diagnosis before the biggest selling weeks of the year. Limited only if the limit is real.,DM MAP.,Approved (reused)
29,2026-10-26,Mon,Morning,"Instagram Reel 07:30, TikTok 12:30",Motivation,Tough Pill 08,Ready is a feeling. Launch is a date.,"Stop waiting to feel ready. Put the date on the calendar, then work backwards.",Comment your launch date. Make it real.,"New, needs your approval"
29,2026-10-26,Mon,Evening,"Instagram carousel 19:30, TikTok 20:30, LinkedIn 08:00",Sales,Hook Score,How I score a first line out of 50.,"Five parts, 0 to 10 each: emotion, specificity, curiosity, credibility, urgency. Hassan's anonymized script scores before and after a rewrite: 58 to 91, 61 to 99, 64 to 88, 57 to 84 (quality scores, not sales).",Comment SCORE with your first line. I'll score the first 10.,Approved (reused)
30,2026-10-27,Tue,Morning,"Instagram Reel 07:30, TikTok 12:30, LinkedIn 08:00",Sales,Cheat Sheet,The 5 leaks on one page.,"Everything from 30 days in one screen: the five leaks, the sign of each, the first fix.",Save this. Follow for month 2.,Approved (reused)
30,2026-10-27,Tue,Evening,"Instagram carousel 19:30, TikTok 20:30",Lifestyle,Day 30,Day 30: what's next.,"The month in one line: it's not your ads, it's the leaks. Thank you, what month 2 brings, and the Black Friday Leak Maps.",Follow for month 2. DM MAP for Black Friday.,Approved (reused)
31,2026-10-28,Wed,Morning,"Instagram Reel 07:30, TikTok 12:30, LinkedIn 08:00",Sales,Leak Autopsy 02,Autopsy 2: a free class signup page.,"A composite masterclass signup page: a headline that says nothing, the date only in a flyer, a 9 field form, a countdown that resets.","Comment AUTOPSY for a free autopsy, with your permission.",Approved (reused)
31,2026-10-28,Wed,Evening,"Instagram carousel 19:30, TikTok 20:30",Relationship,Love and Business 05,Your partner is your first customer service test.,"If the person who loves you can't explain your offer, a stranger won't buy it. Say it to them in one breath tonight.",Try it tonight. Tell me what they said.,"New, needs your approval"
32,2026-10-29,Thu,Morning,"Instagram Reel 07:30, TikTok 12:30",Motivation,Tough Pill 09,Consistency is boring. So is money in the bank.,The coaches who win post the same offer 40 different ways. Boring is a strategy.,Save this for the day you want to quit.,"New, needs your approval"
32,2026-10-29,Thu,Evening,"Instagram carousel 19:30, TikTok 20:30, LinkedIn 08:00",Sales,Phrases to Retire,Coaching phrases we need to retire.,"Unlock your potential, the next level, tired of being tired, link in bio for more info, guaranteed results, thousands of students: each promises everything and proves nothing.",Comment the phrase that should retire next. I'll write its replacement.,Approved (reused)
33,2026-10-30,Fri,Morning,"Instagram Reel 07:30, TikTok 12:30, LinkedIn 08:00",Sales,Lagos Logic 06,Your checkout has a gateman.,"About 7 in 10 online carts are never paid for (Baymard, 50 studies). Extra fees, trust, forced accounts, long forms and errors stop people who already wanted in.",Count your steps to pay. Comment the number.,Approved (reused)
33,2026-10-30,Fri,Evening,"Instagram carousel 19:30, TikTok 20:30",Lifestyle,Behind the Work 03,What I do before I write a single word.,"Research first: buyer comments, reviews, DMs and competitor pages, before any headline. Show the research board.",Follow to see how pages get built.,"New, needs your approval"
34,2026-10-31,Sat,Morning,"Instagram Reel 07:30, TikTok 12:30",Relationship,Love and Business 06,Texts to send your partner in a crazy week. Copy and paste.,"5 short messages that take 20 seconds and say: I see you, even when I'm busy.",Save this. Use one today.,"New, needs your approval"
34,2026-10-31,Sat,Evening,"Instagram carousel 19:30, TikTok 20:30, LinkedIn 08:00",Motivation,Tough Pill 10,Lagos traffic teaches patience. Your business needs the same.,You don't turn back at Ojota because the traffic is heavy. Why stop your content after 3 weeks?,Comment how many weeks you have posted.,"New, needs your approval"
35,2026-11-01,Sun,Morning,"Instagram Reel 07:30, TikTok 12:30, LinkedIn 08:00",News,This Week in 60 Seconds,3 things that happened this week that your competitors missed.,,Follow for Sunday roundups.,"News, picked 2 days before"
35,2026-11-01,Sun,Evening,"Instagram carousel 19:30, TikTok 20:30",Lifestyle,Face to Camera 01,"The mistake that cost me a client, and what I do now.","Your real story, 30 to 45 seconds to camera. I write the script from 3 lines you send me.",Follow for honest lessons.,"You film, I script (designed fallback)"
36,2026-11-02,Mon,Morning,"Instagram Reel 07:30, TikTok 12:30",Motivation,Tough Pill 11,Motivation leaves. Systems stay.,"Build the system that works when you're tired: one offer, one page, one follow up schedule, one Sunday count.",Save this. Build one piece this week.,"New, needs your approval"
36,2026-11-02,Mon,Evening,"Instagram carousel 19:30, TikTok 20:30, LinkedIn 08:00",Sales,Money Math,Black Friday: discount or bonus? Do the math before you slash your price.,"Show the math on a ₦75,000 program (example): what a 30% cut costs vs a bonus that costs you little. Protect your price.",Comment MATH and I will check your Black Friday offer.,"New, needs your approval"
37,2026-11-03,Tue,Morning,"Instagram Reel 07:30, TikTok 12:30, LinkedIn 08:00",Sales,Lagos Logic 07,Umbrella sellers appear 2 minutes after the rain.,"Buying moments for coaches are on the calendar: salary week, Black Friday, new year goals, Ramadan and Lent, the mid year reset, back to routine.",Save this calendar. Follow for the Black Friday series.,Approved (reused)
37,2026-11-03,Tue,Evening,"Instagram carousel 19:30, TikTok 20:30",News,What Just Happened,This just changed for every coach selling online. Let me explain.,,Follow for the news that affects your business.,"News, picked 2 days before"
38,2026-11-04,Wed,Morning,"Instagram Reel 07:30, TikTok 12:30, LinkedIn 08:00",Sales,Steal This Script 01,Steal this: the Black Friday waitlist message.,"The exact WhatsApp message to open a waitlist 3 weeks before Black Friday, and why a waitlist beats a surprise sale.",Save it. Comment WAITLIST for the full version.,"New, needs your approval"
38,2026-11-04,Wed,Evening,"Instagram carousel 19:30, TikTok 20:30",Relationship,Love and Business 07,Friends who don't support your business: stop doing these 3 things.,"Stop begging for likes, stop selling to them in the group chat, stop taking silence personally. Build for strangers.",Tag the friend who always shows up.,"New, needs your approval"
39,2026-11-05,Thu,Morning,"Instagram Reel 07:30, TikTok 12:30",Motivation,Tough Pill 12,You're not too small to charge well. You're too vague.,Specific offers earn specific prices. Vague offers get “how much last?”,Comment your offer in one line. I will make it specific.,"New, needs your approval"
39,2026-11-05,Thu,Evening,"Instagram carousel 19:30, TikTok 20:30, LinkedIn 08:00",Sales,Hook Bank,12 first lines that stop Nigerian thumbs.,"Twelve hook patterns from this series with coaching examples: Lagos logic, receipts, numbers, direct.",Comment the number of the hook you'll use first.,Approved (reused)
40,2026-11-06,Fri,Morning,"Instagram Reel 07:30, TikTok 12:30, LinkedIn 08:00",Sales,Black Friday Leak Maps,Black Friday Leak Maps close next Friday.,"What you get, when you get it, the guarantee. Real dates, real slots, no fake timer.",DM MAP.,"New, needs your approval"
40,2026-11-06,Fri,Evening,"Instagram carousel 19:30, TikTok 20:30",Lifestyle,Behind the Work 04,I used to brag about how many scripts I'd written. Here's why I stopped.,Numbers don't sell trust. The work and the thinking do. Show one page and one reason it's built that way.,Follow to see the thinking behind the pages.,"New, needs your approval"
41,2026-11-07,Sat,Morning,"Instagram Reel 07:30, TikTok 12:30",Relationship,Love and Business 08,Working with your spouse? 4 rules before you destroy your marriage.,"Separate roles, a work day end time, disagree in private, celebrate out loud.",Send this to a couple who work together.,"New, needs your approval"
41,2026-11-07,Sat,Evening,"Instagram carousel 19:30, TikTok 20:30, LinkedIn 08:00",Motivation,Tough Pill 13,The coach who follows up wins. Not the coach who's best.,"Buyers forget, get busy and wait for salary. The best coach who never follows up loses to the second best who does.",Comment FOLLOW for the 4 message schedule.,"New, needs your approval"
42,2026-11-08,Sun,Morning,"Instagram Reel 07:30, TikTok 12:30, LinkedIn 08:00",News,This Week in 60 Seconds,3 things that happened this week that your competitors missed.,,Follow for Sunday roundups.,"News, picked 2 days before"
42,2026-11-08,Sun,Evening,"Instagram carousel 19:30, TikTok 20:30",Lifestyle,Face to Camera 02,"Things I will never do for a client, even for money.","No fake testimonials, no fake scarcity, no cure claims. To camera, 30 seconds. Trust is the product.",Follow if you build like this.,"You film, I script (designed fallback)"
43,2026-11-09,Mon,Morning,"Instagram Reel 07:30, TikTok 12:30",Motivation,Tough Pill 14,Nobody remembers your first 10 posts. Post them anyway.,"Nobody is watching as closely as you think. That's freedom, not failure.",Comment your post count. Keep going.,"New, needs your approval"
43,2026-11-09,Mon,Evening,"Instagram carousel 19:30, TikTok 20:30, LinkedIn 08:00",Sales,WhatsApp Groups,Your free class WhatsApp group looks abandoned.,"Groups die without a welcome, rules, a pinned message and a plan. Set it up once, post daily value before class, remind, then close the group on purpose.",Save this. Set it up before your next free class.,Approved (reused)
44,2026-11-10,Tue,Morning,"Instagram Reel 07:30, TikTok 12:30, LinkedIn 08:00",Sales,Leak Autopsy 03,Autopsy 3: a Black Friday offer post.,"A composite Black Friday post from a coach: the 4 leaks, and the rewrite line by line.",Comment AUTOPSY for a free autopsy of your offer post.,"New, needs your approval"
44,2026-11-10,Tue,Evening,"Instagram carousel 19:30, TikTok 20:30",News,What Just Happened,This just changed for every coach selling online. Let me explain.,,Follow for the news that affects your business.,"News, picked 2 days before"
45,2026-11-11,Wed,Morning,"Instagram Reel 07:30, TikTok 12:30, LinkedIn 08:00",Sales,Receipts 09,36 visited. 0 paid. One question.,A founder traced the drop to the page not answering “is this for me?” fast enough. The five second test fixes it.,Comment LEAK.,Approved (reused)
45,2026-11-11,Wed,Evening,"Instagram carousel 19:30, TikTok 20:30",Relationship,Love and Business 09,Black Friday week and your relationship: plan it together.,Tell your partner your busiest days now. Book the rest night now. No surprises.,Send this to the person who will see less of you this month.,"New, needs your approval"
46,2026-11-12,Thu,Morning,"Instagram Reel 07:30, TikTok 12:30",Motivation,Tough Pill 15,Your comfort zone has no customers.,Every buyer you want is on the other side of a post you are scared to make.,Comment the post you have been avoiding.,"New, needs your approval"
46,2026-11-12,Thu,Evening,"Instagram carousel 19:30, TikTok 20:30, LinkedIn 08:00",Sales,Leak Map Process,What 3 working days of a Leak Map looks like.,Day 1 I read everything. Day 2 I find the leaks. Day 3 you get the map and the fixes. At least 3 leaks or you pay nothing.,Last day tomorrow. DM MAP.,"New, needs your approval"
47,2026-11-13,Fri,Morning,"Instagram Reel 07:30, TikTok 12:30, LinkedIn 08:00",Sales,Last Call,Today is the last day to book a Black Friday Leak Map.,Booking closes tonight. Why now: fixes need 2 weeks before Black Friday on 27 November.,DM MAP before midnight.,"New, needs your approval"
47,2026-11-13,Fri,Evening,"Instagram carousel 19:30, TikTok 20:30",Lifestyle,Lagos Life 02,What owambe taught me about selling.,"Aso ebi, the MC, the spraying: belonging, social proof and urgency, all in one party.",Comment the best owambe lesson you know.,"New, needs your approval"
48,2026-11-14,Sat,Morning,"Instagram Reel 07:30, TikTok 12:30",Relationship,Love and Business 10,When your partner earns more than you. The talk nobody has.,"Money, ego and respect: 3 questions to ask each other before it becomes a fight.",Save this. Have the talk.,"New, needs your approval"
48,2026-11-14,Sat,Evening,"Instagram carousel 19:30, TikTok 20:30, LinkedIn 08:00",Motivation,Tough Pill 16,Discipline is sending the follow up when you feel shy.,Nobody feels like following up. Winners send it anyway.,Send one follow up message right now. Comment DONE.,"New, needs your approval"
49,2026-11-15,Sun,Morning,"Instagram Reel 07:30, TikTok 12:30, LinkedIn 08:00",News,This Week in 60 Seconds,3 things that happened this week that your competitors missed.,,Follow for Sunday roundups.,"News, picked 2 days before"
49,2026-11-15,Sun,Evening,"Instagram carousel 19:30, TikTok 20:30",Lifestyle,Face to Camera 03,A day of writing a sales page in Lagos.,"Film 5 short clips: research, first draft, light goes off, the fix, the page live. I cut it to 40 seconds.",Follow to see the work.,"You film, I script (designed fallback)"
50,2026-11-16,Mon,Morning,"Instagram Reel 07:30, TikTok 12:30",Motivation,Tough Pill 17,Black Friday won't save a weak offer. It will expose it.,A discount on a confusing offer is a confusing offer that's cheaper.,Comment LEAK for the free check before the 27th.,"New, needs your approval"
50,2026-11-16,Mon,Evening,"Instagram carousel 19:30, TikTok 20:30, LinkedIn 08:00",Sales,Steal the Structure,Your Black Friday sales page in 7 sections.,"Headline, who it's for, what they get, proof, the Black Friday reason, price and deadline, the way out.",Save this. Build yours this week.,"New, needs your approval"
51,2026-11-17,Tue,Morning,"Instagram Reel 07:30, TikTok 12:30, LinkedIn 08:00",Sales,Page Rebuild,"What I changed on a sales page, and why.","The Gluvera page he wrote and built: seven real changes and the reason behind each. Process, not invented results.",DM MAP.,Approved (reused)
51,2026-11-17,Tue,Evening,"Instagram carousel 19:30, TikTok 20:30",News,What Just Happened,This just changed for every coach selling online. Let me explain.,,Follow for the news that affects your business.,"News, picked 2 days before"
52,2026-11-18,Wed,Morning,"Instagram Reel 07:30, TikTok 12:30, LinkedIn 08:00",Sales,Black Friday 02,Your Black Friday WhatsApp script pack.,"Five broadcast messages for an enrolment: announce to the list, early access, proof, last call with real seats, welcome.",Save this. Comment LEAK for the Leak Check.,Approved (reused)
52,2026-11-18,Wed,Evening,"Instagram carousel 19:30, TikTok 20:30",Relationship,Love and Business 11,Stop making your partner your unpaid social media manager.,Their likes don't pay rent. Ask for honest feedback instead of support clicks.,Tag the partner who has liked every post.,"New, needs your approval"
53,2026-11-19,Thu,Morning,"Instagram Reel 07:30, TikTok 12:30",Motivation,Tough Pill 18,“I'm still building my audience” is how coaches hide from selling.,You don't need a bigger audience to sell. You need to ask the one you have.,Post your offer this week. Comment POSTED.,"New, needs your approval"
53,2026-11-19,Thu,Evening,"Instagram carousel 19:30, TikTok 20:30, LinkedIn 08:00",Sales,Honest Urgency,The countdown timer that resets is killing your trust.,"Buyers screenshot it. Real deadlines, real seat limits, real reasons.",Comment REAL if your deadlines are real.,"New, needs your approval"
54,2026-11-20,Fri,Morning,"Instagram Reel 07:30, TikTok 12:30, LinkedIn 08:00",Sales,Black Friday Checklist,9 things to check before you post your Black Friday offer.,"Price visible, deadline real, one button, payment works on phone, proof near the top, and 4 more.",Save this. Tick all 9.,"New, needs your approval"
54,2026-11-20,Fri,Evening,"Instagram carousel 19:30, TikTok 20:30",Lifestyle,Behind the Work 05,The tools I use to go from research to a live page.,"Research, writing, design, build, test. The real stack and what each one is for.",Comment TOOLS and I will send the list.,"New, needs your approval"
55,2026-11-21,Sat,Morning,"Instagram Reel 07:30, TikTok 12:30",Relationship,Love and Business 12,How to say sorry when work made you miss something important.,"Own it, name it, fix the next one. No “you know how busy I am”.",Send this to yourself for later.,"New, needs your approval"
55,2026-11-21,Sat,Evening,"Instagram carousel 19:30, TikTok 20:30, LinkedIn 08:00",Motivation,Tough Pill 19,Copy your competitor and you'll always be second.,"Study them, then say what they can't: your story, your method, your city.",Comment one thing only you can say.,"New, needs your approval"
56,2026-11-22,Sun,Morning,"Instagram Reel 07:30, TikTok 12:30, LinkedIn 08:00",News,This Week in 60 Seconds,3 things that happened this week that your competitors missed.,,Follow for Sunday roundups.,"News, picked 2 days before"
56,2026-11-22,Sun,Evening,"Instagram carousel 19:30, TikTok 20:30",Lifestyle,Face to Camera 04,What I would tell myself on day 1 of copywriting.,"3 lessons to camera, 40 seconds. From 3 lines you send me.",Follow for the honest version.,"You film, I script (designed fallback)"
57,2026-11-23,Mon,Morning,"Instagram Reel 07:30, TikTok 12:30",Motivation,Tough Pill 20,This week somebody less talented than you will make more money. Here's why.,They asked. They followed up. They made the offer clear. Talent without an offer is a hobby.,Comment ASKED when you post your offer this week.,"New, needs your approval"
57,2026-11-23,Mon,Evening,"Instagram carousel 19:30, TikTok 20:30, LinkedIn 08:00",Sales,Black Friday Week Plan,"Black Friday week: the 4 posts to make, and when.",Monday: the offer. Wednesday: the proof. Thursday: the reminder. Friday: the last call.,Save this and follow the plan.,"New, needs your approval"
58,2026-11-24,Tue,Morning,"Instagram Reel 07:30, TikTok 12:30, LinkedIn 08:00",Sales,Followers Won’t Fix It,More followers won't fix your enrolments.,"Followers don't pay bills; conversations do. Double the followers with the same leaks and you double the drop off. Count conversations, price questions, payments, returning students.",Comment the number you're watching.,Approved (reused)
58,2026-11-24,Tue,Evening,"Instagram carousel 19:30, TikTok 20:30",News,What Just Happened,This just changed for every coach selling online. Let me explain.,,Follow for the news that affects your business.,"News, picked 2 days before"
59,2026-11-25,Wed,Morning,"Instagram Reel 07:30, TikTok 12:30, LinkedIn 08:00",Sales,Steal This Script 02,Steal this: the message for people who clicked but didn't pay.,"3 short DMs: the gentle check, the one question, the honest last call.",Save it. Use it on Friday.,"New, needs your approval"
59,2026-11-25,Wed,Evening,"Instagram carousel 19:30, TikTok 20:30",Relationship,Love and Business 13,"The Sunday money meeting: 15 minutes, 3 questions.","What came in, what went out, what we decide this week. Calm money, calm home.",Save this. Try it this Sunday.,"New, needs your approval"
60,2026-11-26,Thu,Morning,"Instagram Reel 07:30, TikTok 12:30",Motivation,Tough Pill 21,Say thank you to the last 5 people who bought from you. Watch what happens.,"Gratitude is a sales skill: it brings referrals, testimonials and repeat buyers.",Send one thank you now. Comment SENT.,"New, needs your approval"
60,2026-11-26,Thu,Evening,"Instagram carousel 19:30, TikTok 20:30, LinkedIn 08:00",Sales,The Night Before,Tomorrow is Black Friday. Fix this one leak tonight.,"Test your payment link on a phone with weak network. If it fails, nothing else matters.",Test it now. Comment TESTED.,"New, needs your approval"
61,2026-11-27,Fri,Morning,"Instagram Reel 07:30, TikTok 12:30, LinkedIn 08:00",Sales,Black Friday Day,"It's Black Friday. If your offer isn't live yet, do this in 60 minutes.","One post, one price, one deadline, one button, one WhatsApp broadcast.",Save this. Go.,"New, needs your approval"
61,2026-11-27,Fri,Evening,"Instagram carousel 19:30, TikTok 20:30",Lifestyle,Lagos Life 03,Black Friday in Lagos: what the market does that coaches don't.,"Balogun sellers call you back, show the goods, reduce the steps. Film 20 seconds in a market if you can.",Follow for Lagos Logic.,"You film, I script (designed fallback)"
62,2026-11-28,Sat,Morning,"Instagram Reel 07:30, TikTok 12:30",Relationship,Love and Business 14,The love language of busy people: 5 things that take 2 minutes.,"A voice note, a lunch order, a calendar invite, a thank you, a phone free walk.",Send one today.,"New, needs your approval"
62,2026-11-28,Sat,Evening,"Instagram carousel 19:30, TikTok 20:30, LinkedIn 08:00",Motivation,Tough Pill 22,Black Friday didn't go well? Good. Now you know.,Every flop gives you the leaks for free. Write down where people stopped.,Comment where they stopped. I will tell you the leak.,"New, needs your approval"
63,2026-11-29,Sun,Morning,"Instagram Reel 07:30, TikTok 12:30, LinkedIn 08:00",News,This Week in 60 Seconds,3 things that happened this week that your competitors missed.,,Follow for Sunday roundups.,"News, picked 2 days before"
63,2026-11-29,Sun,Evening,"Instagram carousel 19:30, TikTok 20:30",Lifestyle,Face to Camera 05,What I learned watching coaches sell this Black Friday.,3 honest observations to camera. No names.,Follow for the debrief.,"You film, I script (designed fallback)"
64,2026-11-30,Mon,Morning,"Instagram Reel 07:30, TikTok 12:30",Motivation,Tough Pill 23,December is not a holiday for builders.,"Enjoy Detty December, but the coaches who win January are writing their pages now.",Comment JANUARY if you are building now.,"New, needs your approval"
64,2026-11-30,Mon,Evening,"Instagram carousel 19:30, TikTok 20:30, LinkedIn 08:00",Sales,After Black Friday,The money is in the follow up after Black Friday.,"People who clicked, asked or saved: a 3 message follow up for the week after.",Save this. Send message 1 today.,"New, needs your approval"
65,2026-12-01,Tue,Morning,"Instagram Reel 07:30, TikTok 12:30, LinkedIn 08:00",Sales,Black Friday Numbers,Write down these 5 numbers before you forget Black Friday.,"Visitors, clicks to pay, payments, refunds, where they came from. Next year's launch starts here.",Comment your number 5. DM it if it hurts.,"New, needs your approval"
65,2026-12-01,Tue,Evening,"Instagram carousel 19:30, TikTok 20:30",News,What Just Happened,This just changed for every coach selling online. Let me explain.,,Follow for the news that affects your business.,"News, picked 2 days before"
66,2026-12-02,Wed,Morning,"Instagram Reel 07:30, TikTok 12:30, LinkedIn 08:00",Sales,January Is Coming,January is the coach's Black Friday.,"New year goals arrive on the same date every year. Open a waitlist from Black Friday, decide the January offer by 1 December, set quick replies, ready 3 student wins, give a real start date.",Tag a coach whose DMs explode every January.,Approved (reused)
66,2026-12-02,Wed,Evening,"Instagram carousel 19:30, TikTok 20:30",Relationship,Love and Business 15,Detty December budget talk: agree before the owambe.,"Set the fun money, the family money and the business money before the invitations arrive.",Send this to your partner before the first party.,"New, needs your approval"
67,2026-12-03,Thu,Morning,"Instagram Reel 07:30, TikTok 12:30",Motivation,Tough Pill 24,Your January starts in December.,"The page, the offer, the waitlist and the first 10 conversations. December is prep, January is harvest.",Save this. Pick one to do this week.,"New, needs your approval"
67,2026-12-03,Thu,Evening,"Instagram carousel 19:30, TikTok 20:30, LinkedIn 08:00",Sales,January Leak Maps,January Leak Maps are open.,"Same Leak Map, timed for January launches: find the leaks before the busiest month for coaches. Needs your yes on dates.",DM MAP.,"New, needs your approval"
68,2026-12-04,Fri,Morning,"Instagram Reel 07:30, TikTok 12:30, LinkedIn 08:00",Sales,Receipts 11,You've stopped actually seeing it.,"Founder blindness is real: people change the headline, the CTA, the hero image, the pricing section, and still miss the leak. An outside eye finds it faster.",DM MAP if you want fresh eyes.,Approved (reused)
68,2026-12-04,Fri,Evening,"Instagram carousel 19:30, TikTok 20:30",Lifestyle,Behind the Work 06,"Behind a page: the Gluvera page, written and built.",One decision on the page and why it's there. Only what you are allowed to show.,Follow to see more pages.,"New, needs your approval"
69,2026-12-05,Sat,Morning,"Instagram Reel 07:30, TikTok 12:30",Relationship,Love and Business 16,"Couples who build together: dream on Sunday, plan on Monday.",Dreams without a plan become arguments. A 2 step ritual for building together.,Send this to your building partner.,"New, needs your approval"
69,2026-12-05,Sat,Evening,"Instagram carousel 19:30, TikTok 20:30, LinkedIn 08:00",Motivation,Tough Pill 25,Stop comparing your chapter 1 to someone's chapter 20.,You are watching their highlight reel from your behind the scenes.,Comment your chapter number.,"New, needs your approval"
70,2026-12-06,Sun,Morning,"Instagram Reel 07:30, TikTok 12:30, LinkedIn 08:00",News,This Week in 60 Seconds,3 things that happened this week that your competitors missed.,,Follow for Sunday roundups.,"News, picked 2 days before"
70,2026-12-06,Sun,Evening,"Instagram carousel 19:30, TikTok 20:30",Lifestyle,Face to Camera 06,How I plan my week on Sunday night.,"Your real routine, 30 seconds. From 3 lines you send me.",Follow for the routine.,"You film, I script (designed fallback)"
71,2026-12-07,Mon,Morning,"Instagram Reel 07:30, TikTok 12:30",Motivation,Tough Pill 26,Your talent is not the bottleneck. Your offer is.,Great coaches with unclear offers lose to average coaches with clear ones.,Comment your offer in one line. I will score it.,"New, needs your approval"
71,2026-12-07,Mon,Evening,"Instagram carousel 19:30, TikTok 20:30, LinkedIn 08:00",Sales,Leak Autopsy 04,Autopsy 4: a fitness coach's January challenge page.,"A composite January challenge page: the leaks, and the rewrite.",Comment AUTOPSY for a free autopsy of yours.,"New, needs your approval"
72,2026-12-08,Tue,Morning,"Instagram Reel 07:30, TikTok 12:30, LinkedIn 08:00",Sales,Program Page Formula,Fitness coaches: your New Year program page in 6 lines.,"Who it's for, the start date, what they do each week, proof, price, the button.",Save this. Write yours tonight.,"New, needs your approval"
72,2026-12-08,Tue,Evening,"Instagram carousel 19:30, TikTok 20:30",News,What Just Happened,This just changed for every coach selling online. Let me explain.,,Follow for the news that affects your business.,"News, picked 2 days before"
73,2026-12-09,Wed,Morning,"Instagram Reel 07:30, TikTok 12:30, LinkedIn 08:00",Sales,Receipts 10,"£14,000. Nothing of meaningful value.","UK owners paying a big marketing company monthly describe years of spend and no leads. Their advice: ask what part of your payment reaches Google or Meta, and define a lead in writing.",Save this before your next contract. Send it to a coach about to sign one.,Approved (reused)
73,2026-12-09,Wed,Evening,"Instagram carousel 19:30, TikTok 20:30",Relationship,Love and Business 17,Boundaries at home: office hours for people who work from the sitting room.,"A start time, an end time and a door signal. Your family will respect what you respect.",Save this. Set your hours.,"New, needs your approval"
74,2026-12-10,Thu,Morning,"Instagram Reel 07:30, TikTok 12:30",Motivation,Tough Pill 27,Be so specific they think you're reading their diary.,Specific beats clever. Use their exact words from DMs and comments.,Comment a phrase your buyers always say.,"New, needs your approval"
74,2026-12-10,Thu,Evening,"Instagram carousel 19:30, TikTok 20:30, LinkedIn 08:00",Sales,Steal This Script 03,Steal this: the December DM that books January clients.,"A short message to past leads: January is coming, here's what we start, want a seat held?",Save it. Send 10 today.,"New, needs your approval"
75,2026-12-11,Fri,Morning,"Instagram Reel 07:30, TikTok 12:30, LinkedIn 08:00",Sales,Red Flag Bingo,Marketer red flag bingo.,"Pay 100 percent upfront, holds your logins or domain, no real examples, promises 10x in 7 days, reports only likes, won't define a lead, talks too much.",Comment how many squares your marketer ticked.,Approved (reused)
75,2026-12-11,Fri,Evening,"Instagram carousel 19:30, TikTok 20:30",Lifestyle,Behind the Work 07,Behind a page: AIRUVA's sales page copy.,One section and the thinking behind it. Only what you are allowed to show.,Follow to see more pages.,"New, needs your approval"
76,2026-12-12,Sat,Morning,"Instagram Reel 07:30, TikTok 12:30",Relationship,Love and Business 18,Enjoy Detty December. Don't disappear from the people who matter.,Parties are loud. Relationships are built in quiet: one plan a week just for the two of you.,Send this to your plus one.,"New, needs your approval"
76,2026-12-12,Sat,Evening,"Instagram carousel 19:30, TikTok 20:30, LinkedIn 08:00",Motivation,Tough Pill 28,"Detty December tip: enjoy it, but don't disappear from your audience.",Schedule 2 posts a week now. January buyers are watching in December.,Comment SCHEDULED when yours are in.,"New, needs your approval"
77,2026-12-13,Sun,Morning,"Instagram Reel 07:30, TikTok 12:30, LinkedIn 08:00",News,This Week in 60 Seconds,3 things that happened this week that your competitors missed.,,Follow for Sunday roundups.,"News, picked 2 days before"
77,2026-12-13,Sun,Evening,"Instagram carousel 19:30, TikTok 20:30",Lifestyle,Face to Camera 07,My honest year as a copywriter in Lagos.,"Wins, losses, one lesson. To camera, 45 seconds.",Follow for year 2.,"You film, I script (designed fallback)"
78,2026-12-14,Mon,Morning,"Instagram Reel 07:30, TikTok 12:30",Motivation,Tough Pill 29,A year from now you'll wish you started today. Pick one thing.,"Not ten things. One offer, one page, one habit.",Comment your one thing.,"New, needs your approval"
78,2026-12-14,Mon,Evening,"Instagram carousel 19:30, TikTok 20:30, LinkedIn 08:00",Sales,Testimonials Before Christmas,Collect testimonials before Christmas with this 3 question message.,"What was life like before, what changed, who would you recommend it to. With permission.",Save it. Send it to 5 students today.,"New, needs your approval"
79,2026-12-15,Tue,Morning,"Instagram Reel 07:30, TikTok 12:30, LinkedIn 08:00",Sales,January Launch Calendar,"Your January launch in 21 days, 4 phases.","Warm up, open, proof, close. What to post each week of January.",Save this calendar.,"New, needs your approval"
79,2026-12-15,Tue,Evening,"Instagram carousel 19:30, TikTok 20:30",News,What Just Happened,This just changed for every coach selling online. Let me explain.,,Follow for the news that affects your business.,"News, picked 2 days before"
80,2026-12-16,Wed,Morning,"Instagram Reel 07:30, TikTok 12:30, LinkedIn 08:00",Sales,Lagos Logic 08,Aso ebi: they buy belonging.,People buy who they become. Fitness: the crew. Business coaching: the room. Online course: the identity. Consulting: the calm.,Comment your program. I'll tell you the belonging behind it.,Approved (reused)
80,2026-12-16,Wed,Evening,"Instagram carousel 19:30, TikTok 20:30",Relationship,Love and Business 19,Christmas at home: “When are you getting married?” “What do you do exactly?” Your answers.,"One line answers for the family questions, including the one sentence that explains your business.",Save this before you travel home.,"New, needs your approval"
81,2026-12-17,Thu,Morning,"Instagram Reel 07:30, TikTok 12:30",Motivation,Tough Pill 30,Nobody is ignoring your offer. They just don't understand it.,Confusion looks like rejection. Clarity fixes more than discounts.,Paste your offer. I will tell you what confuses people.,"New, needs your approval"
81,2026-12-17,Thu,Evening,"Instagram carousel 19:30, TikTok 20:30, LinkedIn 08:00",Sales,Waitlist Before Price,January buyers decide in December. Open a waitlist now.,"Why a waitlist in December beats a sale in January, and the 3 line waitlist post.",Comment WAITLIST for the post template.,"New, needs your approval"
82,2026-12-18,Fri,Morning,"Instagram Reel 07:30, TikTok 12:30, LinkedIn 08:00",Sales,January Leak Maps Close,Last week to book a January Leak Map.,"Real dates, real slots. Fixes need time before your January launch.",DM MAP.,"New, needs your approval"
82,2026-12-18,Fri,Evening,"Instagram carousel 19:30, TikTok 20:30",Lifestyle,Lagos Life 04,What I'm reading over Christmas.,"The copywriting books on my shelf, ranked, one lesson from each. Send me the titles.",Comment the book I should add.,"New, needs your approval"
83,2026-12-19,Sat,Morning,"Instagram Reel 07:30, TikTok 12:30",Relationship,Love and Business 20,Thank the people who carried you this year. Here's the message.,"A thank you template for your partner, your parents and your first customers.",Send one today.,"New, needs your approval"
83,2026-12-19,Sat,Evening,"Instagram carousel 19:30, TikTok 20:30, LinkedIn 08:00",Motivation,Tough Pill 31,Rest is part of the work.,Burnt out builders build nothing. Plan your rest like a launch.,Comment the day you are resting.,"New, needs your approval"
84,2026-12-20,Sun,Morning,"Instagram Reel 07:30, TikTok 12:30, LinkedIn 08:00",News,This Week in 60 Seconds,3 things that happened this week that your competitors missed.,,Follow for Sunday roundups.,"News, picked 2 days before"
84,2026-12-20,Sun,Evening,"Instagram carousel 19:30, TikTok 20:30",Lifestyle,Face to Camera 08,3 things I'm doing differently in 2027.,"To camera, 40 seconds, from 3 lines you send me.",Follow for 2027.,"You film, I script (designed fallback)"
85,2026-12-21,Mon,Morning,"Instagram Reel 07:30, TikTok 12:30",Motivation,Tough Pill 32,Write your 2027 in one sentence.,"I will (result) by (date) by (method). One sentence, on your wall.",Comment your sentence.,"New, needs your approval"
85,2026-12-21,Mon,Evening,"Instagram carousel 19:30, TikTok 20:30, LinkedIn 08:00",Sales,Between the Holidays,3 posts to make between Christmas and New Year.,"The reflection post, the proof post, the January doors open post.",Save this. Schedule all 3 today.,"New, needs your approval"
86,2026-12-22,Tue,Morning,"Instagram Reel 07:30, TikTok 12:30, LinkedIn 08:00",Sales,Lagos Logic 09,"On Christmas, your “link in bio” is a closed shop.","Buyers scroll most on holidays. If your link is broken or vague, you just locked the shop.",Check your link now. Comment FIXED.,"New, needs your approval"
86,2026-12-22,Tue,Evening,"Instagram carousel 19:30, TikTok 20:30",News,What Just Happened,The biggest changes of 2026 for coaches selling online.,Year in review: verified stories only.,Follow for 2027.,"News, picked 2 days before"
87,2026-12-23,Wed,Morning,"Instagram Reel 07:30, TikTok 12:30, LinkedIn 08:00",Sales,Year End Leak Check,15 questions to answer before January.,"The Leak Check, year end edition: message, trust, friction, follow up, measurement.",Comment LEAK for the free check.,"New, needs your approval"
87,2026-12-23,Wed,Evening,"Instagram carousel 19:30, TikTok 20:30",Relationship,Love and Business 21,Choose a partner who respects your 5am.,Support is not agreement with every idea. It's respect for the work.,Tag the person who respects yours.,"New, needs your approval"
88,2026-12-24,Thu,Morning,"Instagram Reel 07:30, TikTok 12:30",Motivation,Tough Pill 33,"Before you close your laptop for Christmas, do this one thing.",Schedule your 1 January post. Future you will thank you.,Comment DONE.,"New, needs your approval"
88,2026-12-24,Thu,Evening,"Instagram carousel 19:30, TikTok 20:30, LinkedIn 08:00",Sales,New Year Message,Schedule this one message for 1 January.,The New Year message to past leads and students that opens January sales without being pushy.,Save it. Schedule it tonight.,"New, needs your approval"
89,2026-12-25,Fri,Morning,"Instagram Reel 07:30, TikTok 12:30",Lifestyle,Christmas,Merry Christmas from Lagos.,"Short thank you to everyone who watched, saved and asked. No selling.",No call to action today.,"You film, I script (designed fallback)"
89,2026-12-25,Fri,Evening,"Instagram carousel 19:30, TikTok 20:30",Lifestyle,Christmas Gift,One free gift for your business this Christmas.,"The Leak Check, free. Soft, kind, useful.",Comment LEAK.,"New, needs your approval"
90,2026-12-26,Sat,Morning,"Instagram Reel 07:30, TikTok 12:30",Relationship,Love and Business 22,Boxing Day: what to leave in 2026.,"Grudges, unpaid favours, friends who drain you. What to carry into 2027.",Comment one thing you are leaving.,"New, needs your approval"
90,2026-12-26,Sat,Evening,"Instagram carousel 19:30, TikTok 20:30, LinkedIn 08:00",Motivation,Day 90,Day 90. What I learned posting every day for 90 days.,Your real lessons from 90 days of posting. From 3 lines you send me.,Follow for the next 90.,"You film, I script (designed fallback)"
