Day,Date,Weekday,Time (Lagos),Platform,Format,Post,Title,Files,Caption file,How it posts,Status
1,2026-09-28,Mon,12:30,Instagram (auto shares to Facebook),Carousel (slides in order),D01A,Your danfo door is jammed,media/v2/d01a/01.jpg to last,captions/d01a.txt,Automatic,Posted
1,2026-09-28,Mon,13:00,LinkedIn,PDF document (carousel),D01A,Your danfo door is jammed,media/v2/d01a/d01a.pdf,captions/d01a.txt,Automatic,Posted
1,2026-09-28,Mon,19:30,Instagram (auto shares to Facebook),Carousel (slides in order),D01B,Buyers have a name for your sales page,media/v2/d01b/01.jpg to last,captions/d01b.txt,Automatic,Posted
2,2026-09-29,Tue,07:30,Instagram (auto shares to Facebook),Carousel (slides in order),D02A,Does your funnel look like one chance?,media/v2/d02a/01.jpg to last,captions/d02a.txt,Automatic,Posted
2,2026-09-29,Tue,08:00,LinkedIn,PDF document (carousel),D02A,Does your funnel look like one chance?,media/v2/d02a/d02a.pdf,captions/d02a.txt,Automatic,In Buffer
2,2026-09-29,Tue,19:30,Instagram (auto shares to Facebook),Carousel (slides in order),D02B,The webinar signup page benchmark,media/v2/d02b/01.jpg to last,captions/d02b.txt,Automatic,Posted
3,2026-09-30,Wed,07:30,Instagram (auto shares to Facebook),Carousel (slides in order),D03A,“I'll join the next cohort” is not a no,media/v2/d03a/01.jpg to last,captions/d03a.txt,Automatic,In Buffer
3,2026-09-30,Wed,08:00,LinkedIn,PDF document (carousel),D03A,“I'll join the next cohort” is not a no,media/v2/d03a/d03a.pdf,captions/d03a.txt,Automatic,In Buffer
3,2026-09-30,Wed,12:30,TikTok,Video with music,D03A,“I'll join the next cohort” is not a no,media/reels/d03a.mp4,captions/d03a.txt,Buffer ping: you post it and add a sound,In Buffer
3,2026-09-30,Wed,19:30,Instagram (auto shares to Facebook),Carousel (slides in order),D03B,Why pastors announce it three times,media/v2/d03b/01.jpg to last,captions/d03b.txt,Buffer ping: you post it and add a sound,In Buffer
3,2026-09-30,Wed,20:30,TikTok,Video with music,D03B,Why pastors announce it three times,media/reels/d03b.mp4,captions/d03b.txt,Buffer ping: you post it and add a sound,In Buffer
4,2026-10-01,Thu,07:30,Instagram (auto shares to Facebook),Reel (video with music),D04A,Coach DM Bingo,media/reels/d04a.mp4,captions/d04a.txt,Buffer ping: you post it and add a sound,In Buffer
4,2026-10-01,Thu,08:00,LinkedIn,PDF document (carousel),D04B,What your sales page says vs what buyers hear,media/v2/d04b/d04b.pdf,captions/d04b.txt,Automatic,In Buffer
4,2026-10-01,Thu,12:30,TikTok,Video with music,D04A,Coach DM Bingo,media/reels/d04a.mp4,captions/d04a.txt,Buffer ping: you post it and add a sound,In Buffer
4,2026-10-01,Thu,19:30,Instagram (auto shares to Facebook),Carousel (slides in order),D04B,What your sales page says vs what buyers hear,media/v2/d04b/01.jpg to last,captions/d04b.txt,Buffer ping: you post it and add a sound,In Buffer
4,2026-10-01,Thu,20:30,TikTok,Video with music,D04B,What your sales page says vs what buyers hear,media/reels/d04b.mp4,captions/d04b.txt,Buffer ping: you post it and add a sound,In Buffer
5,2026-10-02,Fri,07:30,Instagram (auto shares to Facebook),Reel (video with music),D05A,Which ad filled your class?,media/reels/d05a.mp4,captions/d05a.txt,Buffer ping: you post it and add a sound,In Buffer
5,2026-10-02,Fri,08:00,LinkedIn,PDF document (carousel),D05A,Which ad filled your class?,media/v2/d05a/d05a.pdf,captions/d05a.txt,Automatic,In Buffer
5,2026-10-02,Fri,12:30,TikTok,Video with music,D05A,Which ad filled your class?,media/reels/d05a.mp4,captions/d05a.txt,Buffer ping: you post it and add a sound,In Buffer
5,2026-10-02,Fri,19:30,Instagram (auto shares to Facebook),Carousel (slides in order),D05B,"Google's new report, and the free version",media/v2/d05b/01.jpg to last,captions/d05b.txt,Buffer ping: you post it and add a sound,In Buffer
5,2026-10-02,Fri,20:30,TikTok,Video with music,D05B,"Google's new report, and the free version",media/reels/d05b.mp4,captions/d05b.txt,Buffer ping: you post it and add a sound,In Buffer
6,2026-10-03,Sat,07:30,Instagram (auto shares to Facebook),Reel (video with music),D06A,The Leak Check: 5 questions,media/reels/d06a.mp4,captions/d06a.txt,Buffer ping: you post it and add a sound,In Buffer
6,2026-10-03,Sat,08:00,LinkedIn,PDF document (carousel),D06A,The Leak Check: 5 questions,media/v2/d06a/d06a.pdf,captions/d06a.txt,Automatic,In Buffer
6,2026-10-03,Sat,12:30,TikTok,Video with music,D06A,The Leak Check: 5 questions,media/reels/d06a.mp4,captions/d06a.txt,Buffer ping: you post it and add a sound,In Buffer
6,2026-10-03,Sat,19:30,Instagram (auto shares to Facebook),Carousel (slides in order),D06B,Aftermath of 2 failed course launches,media/v2/d06b/01.jpg to last,captions/d06b.txt,Buffer ping: you post it and add a sound,In Buffer
6,2026-10-03,Sat,20:30,TikTok,Video with music,D06B,Aftermath of 2 failed course launches,media/reels/d06b.mp4,captions/d06b.txt,Buffer ping: you post it and add a sound,In Buffer
7,2026-10-04,Sun,07:30,Instagram (auto shares to Facebook),Reel (video with music),D07A,Ads into a leaking page,media/reels/d07a.mp4,captions/d07a.txt,Buffer ping: you post it and add a sound,In Buffer
7,2026-10-04,Sun,08:00,LinkedIn,PDF document (carousel),D07A,Ads into a leaking page,media/v2/d07a/d07a.pdf,captions/d07a.txt,Automatic,In Buffer
7,2026-10-04,Sun,12:30,TikTok,Video with music,D07A,Ads into a leaking page,media/reels/d07a.mp4,captions/d07a.txt,Buffer ping: you post it and add a sound,In Buffer
7,2026-10-04,Sun,19:30,Instagram (auto shares to Facebook),Carousel (slides in order),D07B,What the 5 star reviews had in common,media/v2/d07b/01.jpg to last,captions/d07b.txt,Buffer ping: you post it and add a sound,In Buffer
7,2026-10-04,Sun,20:30,TikTok,Video with music,D07B,What the 5 star reviews had in common,media/reels/d07b.mp4,captions/d07b.txt,Buffer ping: you post it and add a sound,In Buffer
8,2026-10-05,Mon,07:30,Instagram (auto shares to Facebook),Reel (video with music),D08A,No testimonials yet? 9 ways to prove you're real,media/reels/d08a.mp4,captions/d08a.txt,Buffer ping: you post it and add a sound,"Approved, not yet in Buffer"
8,2026-10-05,Mon,08:00,LinkedIn,PDF document (carousel),D08A,No testimonials yet? 9 ways to prove you're real,media/v2/d08a/d08a.pdf,captions/d08a.txt,Automatic,In Buffer
8,2026-10-05,Mon,12:30,TikTok,Video with music,D08A,No testimonials yet? 9 ways to prove you're real,media/reels/d08a.mp4,captions/d08a.txt,Buffer ping: you post it and add a sound,"Approved, not yet in Buffer"
8,2026-10-05,Mon,19:30,Instagram (auto shares to Facebook),Carousel (slides in order),D08B,What owners say after boosting,media/v2/d08b/01.jpg to last,captions/d08b.txt,Buffer ping: you post it and add a sound,"Approved, not yet in Buffer"
8,2026-10-05,Mon,20:30,TikTok,Video with music,D08B,What owners say after boosting,media/reels/d08b.mp4,captions/d08b.txt,Buffer ping: you post it and add a sound,"Approved, not yet in Buffer"
9,2026-10-06,Tue,07:30,Instagram (auto shares to Facebook),Reel (video with music),D09A,7 questions before you pay any marketer,media/reels/d09a.mp4,captions/d09a.txt,Buffer ping: you post it and add a sound,"Approved, not yet in Buffer"
9,2026-10-06,Tue,08:00,LinkedIn,PDF document (carousel),D09A,7 questions before you pay any marketer,media/v2/d09a/d09a.pdf,captions/d09a.txt,Automatic,In Buffer
9,2026-10-06,Tue,12:30,TikTok,Video with music,D09A,7 questions before you pay any marketer,media/reels/d09a.mp4,captions/d09a.txt,Buffer ping: you post it and add a sound,"Approved, not yet in Buffer"
9,2026-10-06,Tue,19:30,Instagram (auto shares to Facebook),Carousel (slides in order),D09B,Some agencies are agberos with a laptop,media/v2/d09b/01.jpg to last,captions/d09b.txt,Buffer ping: you post it and add a sound,"Approved, not yet in Buffer"
9,2026-10-06,Tue,20:30,TikTok,Video with music,D09B,Some agencies are agberos with a laptop,media/reels/d09b.mp4,captions/d09b.txt,Buffer ping: you post it and add a sound,"Approved, not yet in Buffer"
10,2026-10-07,Wed,07:30,Instagram (auto shares to Facebook),Reel (video with music),D10A,The 7 people in every free masterclass,media/reels/d10a.mp4,captions/d10a.txt,Buffer ping: you post it and add a sound,"Approved, not yet in Buffer"
10,2026-10-07,Wed,08:00,LinkedIn,PDF document (carousel),D10B,Half your registrants won't show up live,media/v2/d10b/d10b.pdf,captions/d10b.txt,Automatic,In Buffer
10,2026-10-07,Wed,12:30,TikTok,Video with music,D10A,The 7 people in every free masterclass,media/reels/d10a.mp4,captions/d10a.txt,Buffer ping: you post it and add a sound,"Approved, not yet in Buffer"
10,2026-10-07,Wed,19:30,Instagram (auto shares to Facebook),Carousel (slides in order),D10B,Half your registrants won't show up live,media/v2/d10b/01.jpg to last,captions/d10b.txt,Buffer ping: you post it and add a sound,"Approved, not yet in Buffer"
10,2026-10-07,Wed,20:30,TikTok,Video with music,D10B,Half your registrants won't show up live,media/reels/d10b.mp4,captions/d10b.txt,Buffer ping: you post it and add a sound,"Approved, not yet in Buffer"
11,2026-10-08,Thu,07:30,Instagram (auto shares to Facebook),Reel (video with music),D11A,The best line is already in your DMs,media/reels/d11a.mp4,captions/d11a.txt,Buffer ping: you post it and add a sound,"Approved, not yet in Buffer"
11,2026-10-08,Thu,08:00,LinkedIn,PDF document (carousel),D11A,The best line is already in your DMs,media/v2/d11a/d11a.pdf,captions/d11a.txt,Automatic,In Buffer
11,2026-10-08,Thu,12:30,TikTok,Video with music,D11A,The best line is already in your DMs,media/reels/d11a.mp4,captions/d11a.txt,Buffer ping: you post it and add a sound,"Approved, not yet in Buffer"
11,2026-10-08,Thu,19:30,Instagram (auto shares to Facebook),Carousel (slides in order),D11B,Ads are your generator. Your list is your solar.,media/v2/d11b/01.jpg to last,captions/d11b.txt,Buffer ping: you post it and add a sound,"Approved, not yet in Buffer"
11,2026-10-08,Thu,20:30,TikTok,Video with music,D11B,Ads are your generator. Your list is your solar.,media/reels/d11b.mp4,captions/d11b.txt,Buffer ping: you post it and add a sound,"Approved, not yet in Buffer"
12,2026-10-09,Fri,07:30,Instagram (auto shares to Facebook),Reel (video with music),D12A,Stop writing “DM for details”,media/reels/d12a.mp4,captions/d12a.txt,Buffer ping: you post it and add a sound,"Approved, not yet in Buffer"
12,2026-10-09,Fri,08:00,LinkedIn,PDF document (carousel),D12B,91.58 percent never buy twice,media/v2/d12b/d12b.pdf,captions/d12b.txt,Automatic,In Buffer
12,2026-10-09,Fri,12:30,TikTok,Video with music,D12A,Stop writing “DM for details”,media/reels/d12a.mp4,captions/d12a.txt,Buffer ping: you post it and add a sound,"Approved, not yet in Buffer"
12,2026-10-09,Fri,19:30,Instagram (auto shares to Facebook),Carousel (slides in order),D12B,91.58 percent never buy twice,media/v2/d12b/01.jpg to last,captions/d12b.txt,Buffer ping: you post it and add a sound,"Approved, not yet in Buffer"
12,2026-10-09,Fri,20:30,TikTok,Video with music,D12B,91.58 percent never buy twice,media/reels/d12b.mp4,captions/d12b.txt,Buffer ping: you post it and add a sound,"Approved, not yet in Buffer"
13,2026-10-10,Sat,07:30,Instagram (auto shares to Facebook),Reel (video with music),D13A,7 replies that turn “How much is the program?” into a payment,media/reels/d13a.mp4,captions/d13a.txt,Buffer ping: you post it and add a sound,"Approved, not yet in Buffer"
13,2026-10-10,Sat,08:00,LinkedIn,PDF document (carousel),D13A,7 replies that turn “How much is the program?” into a payment,media/v2/d13a/d13a.pdf,captions/d13a.txt,Automatic,"Approved, not yet in Buffer"
13,2026-10-10,Sat,12:30,TikTok,Video with music,D13A,7 replies that turn “How much is the program?” into a payment,media/reels/d13a.mp4,captions/d13a.txt,Buffer ping: you post it and add a sound,"Approved, not yet in Buffer"
13,2026-10-10,Sat,19:30,Instagram (auto shares to Facebook),Carousel (slides in order),D13B,Do sales funnels really work?,media/v2/d13b/01.jpg to last,captions/d13b.txt,Buffer ping: you post it and add a sound,"Approved, not yet in Buffer"
13,2026-10-10,Sat,20:30,TikTok,Video with music,D13B,Do sales funnels really work?,media/reels/d13b.mp4,captions/d13b.txt,Buffer ping: you post it and add a sound,"Approved, not yet in Buffer"
14,2026-10-11,Sun,07:30,Instagram (auto shares to Facebook),Reel (video with music),D14A,Your early bird discount,media/reels/d14a.mp4,captions/d14a.txt,Buffer ping: you post it and add a sound,"Approved, not yet in Buffer"
14,2026-10-11,Sun,08:00,LinkedIn,PDF document (carousel),D14A,Your early bird discount,media/v2/d14a/d14a.pdf,captions/d14a.txt,Automatic,"Approved, not yet in Buffer"
14,2026-10-11,Sun,12:30,TikTok,Video with music,D14A,Your early bird discount,media/reels/d14a.mp4,captions/d14a.txt,Buffer ping: you post it and add a sound,"Approved, not yet in Buffer"
14,2026-10-11,Sun,19:30,Instagram (auto shares to Facebook),Carousel (slides in order),D14B,What your buyers read about coaches,media/v2/d14b/01.jpg to last,captions/d14b.txt,Buffer ping: you post it and add a sound,"Approved, not yet in Buffer"
14,2026-10-11,Sun,20:30,TikTok,Video with music,D14B,What your buyers read about coaches,media/reels/d14b.mp4,captions/d14b.txt,Buffer ping: you post it and add a sound,"Approved, not yet in Buffer"
15,2026-10-12,Mon,07:30,Instagram (auto shares to Facebook),Reel (video with music),P15A,Nobody is coming to save your coaching business.,media/reels/p15a.mp4,captions/p15a.txt,Buffer ping: you post it and add a sound,"Approved, not yet in Buffer"
15,2026-10-12,Mon,08:00,LinkedIn,PDF document (carousel),P15B,4 leaks on this coach's page in 5 minutes.,media/v2/d15a/d15a.pdf,captions/d15a.txt,Automatic,"Approved, not yet in Buffer"
15,2026-10-12,Mon,12:30,TikTok,Video with music,P15A,Nobody is coming to save your coaching business.,media/reels/p15a.mp4,captions/p15a.txt,Buffer ping: you post it and add a sound,"Approved, not yet in Buffer"
15,2026-10-12,Mon,19:30,Instagram (auto shares to Facebook),Carousel (slides in order),P15B,4 leaks on this coach's page in 5 minutes.,media/v2/d15a/01.jpg to last,captions/d15a.txt,Buffer ping: you post it and add a sound,"Approved, not yet in Buffer"
15,2026-10-12,Mon,20:30,TikTok,Video with music,P15B,4 leaks on this coach's page in 5 minutes.,media/reels/d15a.mp4,captions/d15a.txt,Buffer ping: you post it and add a sound,"Approved, not yet in Buffer"
16,2026-10-13,Tue,07:30,Instagram (auto shares to Facebook),Reel (video with music),P16A,How to answer “Can you reduce the price?”,media/reels/d16a.mp4,captions/d16a.txt,Buffer ping: you post it and add a sound,"Approved, not yet in Buffer"
16,2026-10-13,Tue,08:00,LinkedIn,PDF document (carousel),P16A,How to answer “Can you reduce the price?”,media/v2/d16a/d16a.pdf,captions/d16a.txt,Automatic,"Approved, not yet in Buffer"
16,2026-10-13,Tue,12:30,TikTok,Video with music,P16A,How to answer “Can you reduce the price?”,media/reels/d16a.mp4,captions/d16a.txt,Buffer ping: you post it and add a sound,"Approved, not yet in Buffer"
17,2026-10-14,Wed,07:30,Instagram (auto shares to Facebook),Reel (video with music),P17A,“How do I make my first sale on my online course?”,media/reels/d17b.mp4,captions/d17b.txt,Buffer ping: you post it and add a sound,"Approved, not yet in Buffer"
17,2026-10-14,Wed,08:00,LinkedIn,PDF document (carousel),P17A,“How do I make my first sale on my online course?”,media/v2/d17b/d17b.pdf,captions/d17b.txt,Automatic,"Approved, not yet in Buffer"
17,2026-10-14,Wed,12:30,TikTok,Video with music,P17A,“How do I make my first sale on my online course?”,media/reels/d17b.mp4,captions/d17b.txt,Buffer ping: you post it and add a sound,"Approved, not yet in Buffer"
17,2026-10-14,Wed,19:30,Instagram (auto shares to Facebook),Carousel (slides in order),P17B,"If your partner has to book an appointment to see you, your business isn't working. You are.",media/v2/p17b/01.jpg to last,captions/p17b.txt,Buffer ping: you post it and add a sound,"Approved, not yet in Buffer"
17,2026-10-14,Wed,20:30,TikTok,Video with music,P17B,"If your partner has to book an appointment to see you, your business isn't working. You are.",media/reels/p17b.mp4,captions/p17b.txt,Buffer ping: you post it and add a sound,"Approved, not yet in Buffer"
18,2026-10-15,Thu,07:30,Instagram (auto shares to Facebook),Reel (video with music),P18A,Broke coaches post for likes. Paid coaches post for DMs.,media/reels/p18a.mp4,captions/p18a.txt,Buffer ping: you post it and add a sound,"Approved, not yet in Buffer"
18,2026-10-15,Thu,08:00,LinkedIn,PDF document (carousel),P18B,Your ad isn't bad. The place it sends people is.,media/v2/d19a/d19a.pdf,captions/d19a.txt,Automatic,"Approved, not yet in Buffer"
18,2026-10-15,Thu,12:30,TikTok,Video with music,P18A,Broke coaches post for likes. Paid coaches post for DMs.,media/reels/p18a.mp4,captions/p18a.txt,Buffer ping: you post it and add a sound,"Approved, not yet in Buffer"
18,2026-10-15,Thu,19:30,Instagram (auto shares to Facebook),Carousel (slides in order),P18B,Your ad isn't bad. The place it sends people is.,media/v2/d19a/01.jpg to last,captions/d19a.txt,Buffer ping: you post it and add a sound,"Approved, not yet in Buffer"
18,2026-10-15,Thu,20:30,TikTok,Video with music,P18B,Your ad isn't bad. The place it sends people is.,media/reels/d19a.mp4,captions/d19a.txt,Buffer ping: you post it and add a sound,"Approved, not yet in Buffer"
19,2026-10-16,Fri,07:30,Instagram (auto shares to Facebook),Reel (video with music),P19A,Your bio is a billboard on Third Mainland Bridge.,media/reels/d20a.mp4,captions/d20a.txt,Buffer ping: you post it and add a sound,"Approved, not yet in Buffer"
19,2026-10-16,Fri,08:00,LinkedIn,PDF document (carousel),P19A,Your bio is a billboard on Third Mainland Bridge.,media/v2/d20a/d20a.pdf,captions/d20a.txt,Automatic,"Approved, not yet in Buffer"
19,2026-10-16,Fri,12:30,TikTok,Video with music,P19A,Your bio is a billboard on Third Mainland Bridge.,media/reels/d20a.mp4,captions/d20a.txt,Buffer ping: you post it and add a sound,"Approved, not yet in Buffer"
19,2026-10-16,Fri,19:30,Instagram (auto shares to Facebook),Carousel (slides in order),P19B,Why I build the page myself.,media/v2/d18a/01.jpg to last,captions/d18a.txt,Buffer ping: you post it and add a sound,"Approved, not yet in Buffer"
19,2026-10-16,Fri,20:30,TikTok,Video with music,P19B,Why I build the page myself.,media/reels/d18a.mp4,captions/d18a.txt,Buffer ping: you post it and add a sound,"Approved, not yet in Buffer"
20,2026-10-17,Sat,07:30,Instagram (auto shares to Facebook),Reel (video with music),P20A,Your family calls it “that your online thing”. Fix that in one sentence.,media/reels/p20a.mp4,captions/p20a.txt,Buffer ping: you post it and add a sound,"Approved, not yet in Buffer"
20,2026-10-17,Sat,08:00,LinkedIn,PDF document (carousel),P20B,You're not unlucky. You're unmeasured.,media/v2/p20b/p20b.pdf,captions/p20b.txt,Automatic,"Approved, not yet in Buffer"
20,2026-10-17,Sat,12:30,TikTok,Video with music,P20A,Your family calls it “that your online thing”. Fix that in one sentence.,media/reels/p20a.mp4,captions/p20a.txt,Buffer ping: you post it and add a sound,"Approved, not yet in Buffer"
20,2026-10-17,Sat,19:30,Instagram (auto shares to Facebook),Carousel (slides in order),P20B,You're not unlucky. You're unmeasured.,media/v2/p20b/01.jpg to last,captions/p20b.txt,Buffer ping: you post it and add a sound,"Approved, not yet in Buffer"
20,2026-10-17,Sat,20:30,TikTok,Video with music,P20B,You're not unlucky. You're unmeasured.,media/reels/p20b.mp4,captions/p20b.txt,Buffer ping: you post it and add a sound,"Approved, not yet in Buffer"
22,2026-10-19,Mon,07:30,Instagram (auto shares to Facebook),Reel (video with music),P22A,"If you won't sell your program, someone less skilled will sell theirs to your students.",media/reels/p22a.mp4,captions/p22a.txt,Buffer ping: you post it and add a sound,"Approved, not yet in Buffer"
22,2026-10-19,Mon,08:00,LinkedIn,PDF document (carousel),P22B,Fix these 7 leaks before Black Friday.,media/v2/d22a/d22a.pdf,captions/d22a.txt,Automatic,"Approved, not yet in Buffer"
22,2026-10-19,Mon,12:30,TikTok,Video with music,P22A,"If you won't sell your program, someone less skilled will sell theirs to your students.",media/reels/p22a.mp4,captions/p22a.txt,Buffer ping: you post it and add a sound,"Approved, not yet in Buffer"
22,2026-10-19,Mon,19:30,Instagram (auto shares to Facebook),Carousel (slides in order),P22B,Fix these 7 leaks before Black Friday.,media/v2/d22a/01.jpg to last,captions/d22a.txt,Buffer ping: you post it and add a sound,"Approved, not yet in Buffer"
22,2026-10-19,Mon,20:30,TikTok,Video with music,P22B,Fix these 7 leaks before Black Friday.,media/reels/d22a.mp4,captions/d22a.txt,Buffer ping: you post it and add a sound,"Approved, not yet in Buffer"
23,2026-10-20,Tue,07:30,Instagram (auto shares to Facebook),Reel (video with music),P23A,The market doesn't pay for effort. It pays for clarity.,media/reels/p23a.mp4,captions/p23a.txt,Buffer ping: you post it and add a sound,"Approved, not yet in Buffer"
23,2026-10-20,Tue,08:00,LinkedIn,PDF document (carousel),P23A,The market doesn't pay for effort. It pays for clarity.,media/v2/p23a/p23a.pdf,captions/p23a.txt,Automatic,"Approved, not yet in Buffer"
23,2026-10-20,Tue,12:30,TikTok,Video with music,P23A,The market doesn't pay for effort. It pays for clarity.,media/reels/p23a.mp4,captions/p23a.txt,Buffer ping: you post it and add a sound,"Approved, not yet in Buffer"
23,2026-10-20,Tue,19:30,Instagram (auto shares to Facebook),Carousel (slides in order),P23B,Never fight about money on a bad sales day.,media/v2/p23b/01.jpg to last,captions/p23b.txt,Buffer ping: you post it and add a sound,"Approved, not yet in Buffer"
23,2026-10-20,Tue,20:30,TikTok,Video with music,P23B,Never fight about money on a bad sales day.,media/reels/p23b.mp4,captions/p23b.txt,Buffer ping: you post it and add a sound,"Approved, not yet in Buffer"
24,2026-10-21,Wed,07:30,Instagram (auto shares to Facebook),Reel (video with music),P24A,What happens when you book a Leak Map.,media/reels/d23a.mp4,captions/d23a.txt,Buffer ping: you post it and add a sound,"Approved, not yet in Buffer"
24,2026-10-21,Wed,08:00,LinkedIn,PDF document (carousel),P24A,What happens when you book a Leak Map.,media/v2/d23a/d23a.pdf,captions/d23a.txt,Automatic,"Approved, not yet in Buffer"
24,2026-10-21,Wed,12:30,TikTok,Video with music,P24A,What happens when you book a Leak Map.,media/reels/d23a.mp4,captions/d23a.txt,Buffer ping: you post it and add a sound,"Approved, not yet in Buffer"
24,2026-10-21,Wed,19:30,Instagram (auto shares to Facebook),Carousel (slides in order),P24B,Cost per paying student.,media/v2/d22b/01.jpg to last,captions/d22b.txt,Buffer ping: you post it and add a sound,"Approved, not yet in Buffer"
24,2026-10-21,Wed,20:30,TikTok,Video with music,P24B,Cost per paying student.,media/reels/d22b.mp4,captions/d22b.txt,Buffer ping: you post it and add a sound,"Approved, not yet in Buffer"
25,2026-10-22,Thu,07:30,Instagram (auto shares to Facebook),Reel (video with music),P25A,Every ignored DM is tuition. You already paid. Collect the lesson.,media/reels/p25a.mp4,captions/p25a.txt,Buffer ping: you post it and add a sound,"Approved, not yet in Buffer"
25,2026-10-22,Thu,08:00,LinkedIn,PDF document (carousel),P25B,“I can't afford a marketer.”,media/v2/d29b/d29b.pdf,captions/d29b.txt,Automatic,"Approved, not yet in Buffer"
25,2026-10-22,Thu,12:30,TikTok,Video with music,P25A,Every ignored DM is tuition. You already paid. Collect the lesson.,media/reels/p25a.mp4,captions/p25a.txt,Buffer ping: you post it and add a sound,"Approved, not yet in Buffer"
25,2026-10-22,Thu,19:30,Instagram (auto shares to Facebook),Carousel (slides in order),P25B,“I can't afford a marketer.”,media/v2/d29b/01.jpg to last,captions/d29b.txt,Buffer ping: you post it and add a sound,"Approved, not yet in Buffer"
25,2026-10-22,Thu,20:30,TikTok,Video with music,P25B,“I can't afford a marketer.”,media/reels/d29b.mp4,captions/d29b.txt,Buffer ping: you post it and add a sound,"Approved, not yet in Buffer"
26,2026-10-23,Fri,07:30,Instagram (auto shares to Facebook),Reel (video with music),P26A,Who is it for? What do they get? Why now?,media/reels/d26a.mp4,captions/d26a.txt,Buffer ping: you post it and add a sound,"Approved, not yet in Buffer"
26,2026-10-23,Fri,08:00,LinkedIn,PDF document (carousel),P26A,Who is it for? What do they get? Why now?,media/v2/d26a/d26a.pdf,captions/d26a.txt,Automatic,"Approved, not yet in Buffer"
26,2026-10-23,Fri,12:30,TikTok,Video with music,P26A,Who is it for? What do they get? Why now?,media/reels/d26a.mp4,captions/d26a.txt,Buffer ping: you post it and add a sound,"Approved, not yet in Buffer"
26,2026-10-23,Fri,19:30,Instagram (auto shares to Facebook),Carousel (slides in order),P26B,The word I never write in health ads.,media/v2/d25a/01.jpg to last,captions/d25a.txt,Buffer ping: you post it and add a sound,"Approved, not yet in Buffer"
26,2026-10-23,Fri,20:30,TikTok,Video with music,P26B,The word I never write in health ads.,media/reels/d25a.mp4,captions/d25a.txt,Buffer ping: you post it and add a sound,"Approved, not yet in Buffer"
27,2026-10-24,Sat,07:30,Instagram (auto shares to Facebook),Reel (video with music),P27A,Your spouse thinks online business is “yahoo”. Don't argue. Do this.,media/reels/p27a.mp4,captions/p27a.txt,Buffer ping: you post it and add a sound,"Approved, not yet in Buffer"
27,2026-10-24,Sat,08:00,LinkedIn,PDF document (carousel),P27B,"Your first cohort doesn't need 1,000 followers. It needs 10 real conversations.",media/v2/p27b/p27b.pdf,captions/p27b.txt,Automatic,"Approved, not yet in Buffer"
27,2026-10-24,Sat,12:30,TikTok,Video with music,P27A,Your spouse thinks online business is “yahoo”. Don't argue. Do this.,media/reels/p27a.mp4,captions/p27a.txt,Buffer ping: you post it and add a sound,"Approved, not yet in Buffer"
27,2026-10-24,Sat,19:30,Instagram (auto shares to Facebook),Carousel (slides in order),P27B,"Your first cohort doesn't need 1,000 followers. It needs 10 real conversations.",media/v2/p27b/01.jpg to last,captions/p27b.txt,Buffer ping: you post it and add a sound,"Approved, not yet in Buffer"
27,2026-10-24,Sat,20:30,TikTok,Video with music,P27B,"Your first cohort doesn't need 1,000 followers. It needs 10 real conversations.",media/reels/p27b.mp4,captions/p27b.txt,Buffer ping: you post it and add a sound,"Approved, not yet in Buffer"
28,2026-10-25,Sun,08:00,LinkedIn,PDF document (carousel),P28B,Black Friday Leak Maps: 5 slots.,media/v2/d28b/d28b.pdf,captions/d28b.txt,Automatic,"Approved, not yet in Buffer"
28,2026-10-25,Sun,19:30,Instagram (auto shares to Facebook),Carousel (slides in order),P28B,Black Friday Leak Maps: 5 slots.,media/v2/d28b/01.jpg to last,captions/d28b.txt,Buffer ping: you post it and add a sound,"Approved, not yet in Buffer"
28,2026-10-25,Sun,20:30,TikTok,Video with music,P28B,Black Friday Leak Maps: 5 slots.,media/reels/d28b.mp4,captions/d28b.txt,Buffer ping: you post it and add a sound,"Approved, not yet in Buffer"
29,2026-10-26,Mon,07:30,Instagram (auto shares to Facebook),Reel (video with music),P29A,Ready is a feeling. Launch is a date.,media/reels/p29a.mp4,captions/p29a.txt,Buffer ping: you post it and add a sound,"Approved, not yet in Buffer"
29,2026-10-26,Mon,08:00,LinkedIn,PDF document (carousel),P29B,How I score a first line out of 50.,media/v2/d29a/d29a.pdf,captions/d29a.txt,Automatic,"Approved, not yet in Buffer"
29,2026-10-26,Mon,12:30,TikTok,Video with music,P29A,Ready is a feeling. Launch is a date.,media/reels/p29a.mp4,captions/p29a.txt,Buffer ping: you post it and add a sound,"Approved, not yet in Buffer"
29,2026-10-26,Mon,19:30,Instagram (auto shares to Facebook),Carousel (slides in order),P29B,How I score a first line out of 50.,media/v2/d29a/01.jpg to last,captions/d29a.txt,Buffer ping: you post it and add a sound,"Approved, not yet in Buffer"
29,2026-10-26,Mon,20:30,TikTok,Video with music,P29B,How I score a first line out of 50.,media/reels/d29a.mp4,captions/d29a.txt,Buffer ping: you post it and add a sound,"Approved, not yet in Buffer"
30,2026-10-27,Tue,07:30,Instagram (auto shares to Facebook),Reel (video with music),P30A,The 5 leaks on one page.,media/reels/d30a.mp4,captions/d30a.txt,Buffer ping: you post it and add a sound,"Approved, not yet in Buffer"
30,2026-10-27,Tue,08:00,LinkedIn,PDF document (carousel),P30A,The 5 leaks on one page.,media/v2/d30a/d30a.pdf,captions/d30a.txt,Automatic,"Approved, not yet in Buffer"
30,2026-10-27,Tue,12:30,TikTok,Video with music,P30A,The 5 leaks on one page.,media/reels/d30a.mp4,captions/d30a.txt,Buffer ping: you post it and add a sound,"Approved, not yet in Buffer"
30,2026-10-27,Tue,19:30,Instagram (auto shares to Facebook),Carousel (slides in order),P30B,Day 30: what's next.,media/v2/d30b/01.jpg to last,captions/d30b.txt,Buffer ping: you post it and add a sound,"Approved, not yet in Buffer"
30,2026-10-27,Tue,20:30,TikTok,Video with music,P30B,Day 30: what's next.,media/reels/d30b.mp4,captions/d30b.txt,Buffer ping: you post it and add a sound,"Approved, not yet in Buffer"
